case_no,alert_key,alert_date,alert_url,source_format,case_source,vehicle_type,last_seen,discovered_missing,window_hours,within_window,location_raw,zone_id,needs_review,narrative_text
26-0927-0009,clery-26-0927-0009,9/27/2026,https://clery.tamu.edu/CrimeLog/College_Station,clery,UPD,ebike,2026-09-26T17:00:00,2026-09-27T10:00:00,17.0,True,"Clements Residence Hall (211 Jones St, College Station)",,False,"Clery-Motor Vehicle Theft/ Theft of Property >=$750<$2,500 (Electric Scooter/ Bicycle) -- Active"
26-0927-0014,clery-26-0927-0014,9/27/2026,https://clery.tamu.edu/CrimeLog/College_Station,clery,UPD,bike,2026-09-25T12:16:00,2026-09-27T15:10:00,50.9,True,"Walton Residence Hall (166 Houston St, College Station)",,False,Theft of Property $100<$750 (Bicycles) -- Active
26-0923-0007,clery-26-0923-0007,9/23/2026,https://clery.tamu.edu/CrimeLog/College_Station,clery,UPD,bike,2026-09-17T11:30:00,2026-09-20T20:00:00,80.5,True,"Hullabaloo Residence Hall (306 University Dr, College Station)",,False,Theft of Property $100<$750 (Bicycles) -- Active
26-0922-0001,clery-26-0922-0001,9/22/2026,https://clery.tamu.edu/CrimeLog/College_Station,clery,UPD,ebike,2026-09-22T02:41:00,2026-09-22T02:41:00,0.0,True,676 LUBBOCK ST COLLEGE STATION TX 77840,,False,Clery- Motor Vehicle Theft/ Theft of Property >=$100<$750 (Electric Scooter/Bicycle) -- Active
26-0904-0016,clery-26-0904-0016,9/4/2026,https://clery.tamu.edu/CrimeLog/College_Station,clery,UPD,bike,2026-09-03T20:30:00,2026-09-04T09:00:00,12.5,True,"Mosher Residence Hall (725 Mosher Ln, College Station)",,False,Theft of Property $100<$750 (Bicycles) -- Active
26-0904-0017,clery-26-0904-0017,9/4/2026,https://clery.tamu.edu/CrimeLog/College_Station,clery,UPD,bike,2026-09-04T14:40:00,2026-09-04T15:50:00,1.17,True,"Memorial Student Center (275 Joe Routt Bl, College Station)",,False,Theft of Property =$100 <$750 (Bicycle) -- Active
26-0824-0005,clery-26-0824-0005,8/24/2026,https://clery.tamu.edu/CrimeLog/College_Station,clery,UPD,bike,2026-07-15T12:00:00,2026-08-17T23:59:00,803.98,False,"Park West A (503 George Bush Dr W, College Station)",,False,Theft >=$100<$750 (Bicycle) -- Active
26-0808-0006,clery-26-0808-0006,8/8/2026,https://clery.tamu.edu/CrimeLog/College_Station,clery,UPD,ebike,2026-08-07T18:00:00,2026-08-08T10:00:00,16.0,True,"White Creek Apartments (225 Discovery Dr, College Station)",,False,"Clery- Motor Vehicle Theft/ Theft of Property>=$750<$2,500 (Electric Bicycle) -- Active"
26-0801-0003,clery-26-0801-0003,8/1/2026,https://clery.tamu.edu/CrimeLog/College_Station,clery,UPD,bike,2026-07-12T16:00:00,2026-07-19T16:00:00,168.0,True,"100 Park (170 Century Square Dr, College Station)",,False,Theft >=$100<$750 (Bicycle) -- Active
26-0729-0006,clery-26-0729-0006,7/29/2026,https://clery.tamu.edu/CrimeLog/College_Station,clery,UPD,bike,2026-07-29T15:22:00,2026-07-29T15:22:00,0.0,True,"Park West, outside of Hillside 5 (503 George Bush Dr W, Ste E, College Station)",,False,Theft of Property >=$100<$750 (Bicycle) -- Active
