case_no,alert_key,alert_date,alert_url,source_format,vehicle_type,last_seen,discovered_missing,window_hours,within_window,location_raw,zone_id,needs_review,narrative_text,case_source
25-0203-0004,2-3-2025,2025-02-03,https://upd.tamu.edu/reporting/crime-log-and-alerts/2025/02/2-3-2025.html,narrative,escooter,2025-02-03T12:30:00,2025-02-03T13:30:00,1.0,True,the bike racks behind Zachry Engineering Education Complex,,False,"On Feb. 3, 2025, the Texas A&M University Police Department (UPD) received a report of a stolen electric scooter. The victim parked their scooter at the bike racks behind Zachry Engineering Education Complex at approximately 12:30 p.m. on Feb. 3, 2025. The scooter was secured to the bike racks. The victim returned at approximately 1:30 p.m. on Feb. 3, 2025, to find the scooter missing. The scooter is described as a black Hiboy electric scooter. ",
25-0217-0010,2-17-2025,2025-02-17,https://upd.tamu.edu/reporting/crime-log-and-alerts/2025/02/2-17-2025.html,narrative,unknown,2025-02-17T09:00:00,,,,"PA 97 at the Motorcycle Parking Area, east of the AgriLife Building",,True,"On Feb. 17, 2025, the Texas A&M University Police Department (UPD) received a report of a stolen vehicle. The victim parked her vehicle, described as a white 2019 Wolf Jet moped, in PA 97 at the Motorcycle Parking Area, east of the AgriLife Building, on Feb. 17, 2025, at 9 a.m. The victim realized that the vehicle was missing at approximately 1:45 p.m. ",
25-0219-0004,2-21-2025,2025-02-22,https://upd.tamu.edu/reporting/crime-log-and-alerts/2025/02/2-21-2025.html,narrative,unknown,2025-02-18T17:45:00,2025-02-19T14:00:00,20.25,True,PA 122A near White Creek Apartments,,True,"On Feb. 19, 2025, the Texas A&M University Police Department (UPD) received a report of a n attempted motor vehicle theft . The victim parked h is black 2015 Yamaha R3 motorcycle in PA 122A near White Creek Apartments on Feb. 18, 2025, at 5 : 45 p. m. The victim returned to his motorcycle on Feb. 19, 2025, at approximately 2 p.m., and realized that the ignition lock cylinder had been damaged. ",
25-0301-0005,3-1-2025,2025-03-02,https://upd.tamu.edu/reporting/crime-log-and-alerts/2025/03/3-1-2025.html,narrative,escooter,2025-02-02T08:00:00,2025-03-01T10:00:00,650.0,False,the bike racks by Lechner Hall,,False,"On March 1, 2025, the Texas A&M University Police Department (UPD) received a report of a stolen electric scooter. The victim parked his scooter at the bike racks by Lechner Hall at approximately 8 a.m. on Feb. 2, 2025. The scooter was secured to the bike racks. The victim returned at approximately 10 a.m. on March 1, 2025, to find the scooter missing. The scooter is described as a black-and-orange Segway Ninebot electric scooter. ",
25-0401-0005,4-1-2025,2025-04-01,https://upd.tamu.edu/reporting/crime-log-and-alerts/2025/04/4-1-2025.html,narrative,escooter,2025-04-01T00:10:00,,,,,,True,"On April 1, 2025, the Texas A&M University Police Department (UPD) received a report of a stolen electric scooter. The victim advised that they parked and secured their scooter to the bicycle racks on the east side of Clements Hall with a cable lock at approximately 12:10 a.m. on April 1, 2025. The victim returned at approximately 9:30 a.m. to find the scooter and lock missing. The victim’s scooter is described as a black Isinwheel S10 Plus electric scooter with a yellow stripe on the wheels. ",
25-0425-0009,4-25-2025,2025-04-25,https://upd.tamu.edu/reporting/crime-log-and-alerts/2025/04/4-25-2025.html,narrative,unknown,2025-04-24T09:00:00,2025-04-25T15:00:00,30.0,True,Parking Area 7,,True,"On April 25, 2025, the Texas A&M University Police Department (UPD) received a report of a stolen vehicle. The victim parked her vehicle in Parking Area 7 at 9 a.m. on April 24, 2025. The victim discovered the vehicle missing at 3 p.m. on April 25, 2025. The vehicle was locked and the victim had the keys. The victim’s vehicle is described as a black 2012 Jeep Liberty. ",
25-0511-0007,5-11-2025,2025-05-11,https://upd.tamu.edu/reporting/crime-log-and-alerts/2025/05/5-11-2025.html,narrative,ebike,2025-05-11T13:00:00,2025-05-11T15:25:00,2.42,True,,,True,"On May 11, 2025, the Texas A&M University Police Department (UPD) received a report of a stolen electric bike. The victim parked his bike on the south side of the Cain Building at approximately 1 p.m. on May 11, 2025. The bike was secured to the bike racks. The victim returned at approximately 3:25 p.m. on May 11, 2025, to find the bike missing. The bike is described as a black-and-blue Lectric XP 2.0. ",
25-0625-0003,6-25-2025,2025-06-25,https://upd.tamu.edu/reporting/crime-log-and-alerts/2025/06/6-25-2025.html,narrative,unknown,2025-06-24T20:30:00,,,,the Park West apartments,,True,"On June 25, 2025, the Texas A&M University Police Department (UPD) received a report of a stolen vehicle. The victim parked their vehicle at the Park West apartments on June 24, 2025, at approximately 8:30 p.m. The victim noticed their vehicle was missing at approximately 8:30 a.m. UPD located the vehicle at the Doubletree Condominiums in College Station at approximately 10 a.m. and returned it to its owner. The vehicle had no noticeable damage or property missing. The victim’s vehicle is described as a 2007 white Mercury Montego. UPD is also investigating a vehicle burglary at Park West apartments that occurred during the same time period. ",
25-0630-0004,6-30-2025,2025-06-30,https://upd.tamu.edu/reporting/crime-log-and-alerts/2025/06/6-30-2025.html,narrative,escooter,2025-06-28T10:00:00,2025-06-29T12:00:00,26.0,True,Building M of the Garden Apartments,,False,"On June 30, 2025, the Texas A&M University Police Department (UPD) received a report of a stolen electric scooter. The victim reported that they parked and secured their scooter with a cable lock to the bicycle racks outside Building M of the Garden Apartments at approximately 10 a.m. on June 28, 2025. The victim returned at approximately 12 p.m. on June 29, 2025, to find the scooter missing with the cable lock still secured to the bicycle rack. The victim’s scooter is described as a gray GoTrax electric scooter. ",
25-0802-0005,8-2-2025,2025-08-03,https://upd.tamu.edu/reporting/crime-log-and-alerts/2025/08/8-2-2025.html,narrative,escooter,2025-08-02T19:15:00,,,,Piada at Century Square,,True,"On Aug. 2, 2025, the Texas A&M University Police Department (UPD) received a report of a stolen electric scooter. The victim reported that they parked and secured their scooter to the bicycle racks outside Piada at Century Square at approximately 7:15 p.m. on Aug. 2, 2025, using a cable lock. The victim returned at approximately 7:30 p.m. to find the scooter missing. The victim’s scooter is described as a black Hiboy S2 Pro. ",
25-0823-0004,8-27-2025,2025-08-27,https://upd.tamu.edu/reporting/crime-log-and-alerts/2025/08/8-27-2025.html,narrative,ebike,,,,,,,True,"On Aug. 23, 2025, the Texas A&M University Police Department (UPD) stopped a subject on an electric bike who was known to have a Criminal Trespass Warning for TAMU property. The subject was arrested for outstanding local warrants and Criminal Trespass. A search of the subject revealed drug paraphernalia and criminal instruments believed to be used to defeat locks. The electric bike was believed to have been stolen and seized by the police. On Aug. 24, 2025, the owner of the electric bike reported it stolen to Texas A&M Police. On Aug. 27, 2025, Texas A&M Police observed the subject again on campus near Hensel Drive riding an electric bike. He was stopped, and the investigation revealed the bike was stolen. He was arrested for Theft, Unlawful Use of a Criminal Instrument, Possession of Drug Paraphernalia, and Disregard of a Stop Sign. The suspect’s name is Jesse Broadway. Broadway is described as a white male, 33 years old, 5’11” tall, 215 lbs., with brown hair and hazel eyes. Broadway has no affiliation with Texas A&M and has an active Criminal Trespass Warning for TAMU property. His photo can be found on the Texas A&M University Police Department’s Facebook and X page. Contact UPD",
25-0905-0016,09-05-2025,2025-09-05,https://upd.tamu.edu/reporting/crime-log-and-alerts/2025/09/09-05-2025.html,narrative,unknown,,2025-08-29T14:00:00,,,,,True,"On Sept. 5, 2025, the Texas A&M University Police Department (UPD) received a report of a stolen side-by-side. The victim last observed their side-by-side at the Physical Plant Grounds Maintenance Facility at 3 p.m. on Aug. 28, 2025. The victim discovered the side-by-side missing at 2 p.m. on Aug. 29, 2025. The key was not in the ignition when it was taken. The victim’s side-by-side is described as a green 2023 Kawasaki Mule. ",
25-0912-0014,09-12-2025,2025-09-12,https://upd.tamu.edu/reporting/crime-log-and-alerts/2025/09/09-12-2025.html,narrative,escooter,,,,,"approximately 5 p.m. outside the Zachry Engineering Education Complex, to the bicycle racks facing Spence St. The friend returned",,True,"On Sept. 12, 2025, the Texas A&M University Police Department (UPD) received a report of a stolen electric scooter. The victim reported that they allowed a friend to borrow their scooter on Sept. 5, 2025. They advised that the friend parked the scooter and secured it with a cable lock at approximately 5 p.m. outside the Zachry Engineering Education Complex, to the bicycle racks facing Spence St. The friend returned at approximately 11:55 a.m. on Sept. 12, 2025, to find the scooter missing and alerted the victim. The victim advised that the cable lock was still secured to the bicycle rack, and a ripped-off Apple AirTag was on the ground. The victim’s scooter is described as a black, grey, and orange accented WERHY H5 electric scooter. ",
25-1001-0003,10-1-2025,2025-10-01,https://upd.tamu.edu/reporting/crime-log-and-alerts/2025/10/10-1-2025.html,narrative,escooter,,2025-10-01T08:45:00,,,,,True,"On Oct. 1, 2025, the Texas A&M University Police Department (UPD) received a report of a stolen electric scooter. The victim reported that they secured their scooter with a cable-style lock to a bicycle rack near the north side of Hart Hall at approximately 11 p.m. on Sept. 29, 2025. The victim returned to the bicycle rack on Oct. 1, 2025, at 8:45 a.m. and discovered that the scooter was gone. The victim located the cable-style lock cut and lying on the ground where the scooter had been secured. The victim’s scooter is described as a black, Segway Ninebot E2 electric scooter. ",
25-1011-0034,10-12-2025,2025-10-12,https://upd.tamu.edu/reporting/crime-log-and-alerts/2025/10/10-12-2025.html,narrative,unknown,,,,,,,True,"On Oct. 11, 2025, the Texas A&M University Police Department (UPD) recovered two vehicles prior to them being reported stolen. Patrol officers located a University owned Golf Cart at approximately 11 p.m. on the sidewalk along University Drive near Northside Garage. After identifying the victim, they advised that the vehicle was last parked at the Coke Building at 5 p.m. on Friday, Oct. 10, 2025. There was notable damage to the ignition area allowing it to be started. The victim’s vehicle is described as a silver/ grey EZGO Elite Golf Cart with maroon Texas A&M College of Architecture markings. Patrol officers located a second University owned Golf Cart at approximately 11:45 p.m. outside of the covered small vehicle parking area near the Jack K. Williams Administration Building. After identifying that the victim was the same, they advised that the vehicle was also last parked at the Coke Building at 5 p.m. on Friday Oct. 10, 2025. There was no noticeable damage to the vehicle. The victim’s second vehicle is described as a maroon IR Club Car Golf Cart with white Texas A&M lettering. ",
25-1104-0008,11-4-2025-update,2025-11-05,https://upd.tamu.edu/reporting/crime-log-and-alerts/2025/11/11-4-2025-update.html,narrative,unknown,,,,,,,True,"On Nov. 4, 2025, the University Police Department was contacted by a staff member who had seen the recent crime alert. They provided information that led to UPD successfully locating and recovering the golf cart on PA 20. The golf cart will be returned to the victim. This case remains under investigation. Campus crime alerts and timely warnings to the community comply with the federal Jeanne Clery Campus Safety Act (Clery Act). Case 25-1104-0008 On Nov. 4, 2025, the Texas A&M University Police Department (UPD) received a report of a stolen golf cart. The victim reported that the golf cart was parked and secured in PA 102 on Saturday, Nov. 1, 2025. They reported that it was stolen at approximately 2:20 p.m. The golf cart is described as being maroon with an ATM sticker on the front hood, Texas A&M Athletics on the side, black handrails on the back, and a tan top. ",
25-1116-0007,12-1-2025,2025-12-01,https://upd.tamu.edu/reporting/crime-log-and-alerts/2025/12/12-1-2025.html,list,unknown,2025-11-15T21:30:00,2025-11-16T13:30:00,16.0,True,"Krueger Residence Hall Bike Rack (722 Lubbock St, College Station)",,False,,
25-1116-0010,12-1-2025,2025-12-01,https://upd.tamu.edu/reporting/crime-log-and-alerts/2025/12/12-1-2025.html,list,unknown,2025-11-14T18:30:00,2025-11-16T10:45:00,40.25,True,Between Gainer Hall & Underwood Hall,,False,,
25-1117-0007,12-1-2025,2025-12-01,https://upd.tamu.edu/reporting/crime-log-and-alerts/2025/12/12-1-2025.html,list,unknown,2025-11-16T16:30:00,2025-11-17T09:50:00,17.33,True,"Gene Stallings Blvd Garage - Bike Racks (500 Gene Stallings Blvd, College Station)",,False,,
25-1118-0002,12-1-2025,2025-12-01,https://upd.tamu.edu/reporting/crime-log-and-alerts/2025/12/12-1-2025.html,list,unknown,2025-11-17T23:15:00,2025-11-18T03:15:00,4.0,True,"AI Engineering Building - Northeast Bike Racks (423 Spence St, College Station)",,False,,
25-1118-0005,12-1-2025,2025-12-01,https://upd.tamu.edu/reporting/crime-log-and-alerts/2025/12/12-1-2025.html,list,unknown,2025-11-18T12:30:00,2025-11-18T14:35:00,2.08,True,"Zachry Engineering Education Complex - Northwest Bike Racks (125 Spence St, College Station)",,False,,
25-1118-0009,12-1-2025,2025-12-01,https://upd.tamu.edu/reporting/crime-log-and-alerts/2025/12/12-1-2025.html,list,unknown,2025-11-18T20:00:00,2025-11-18T20:30:00,0.5,True,"Bike Racks Between Sterling C. Evans Library and Evan Library Annex (400 Spence St, College Station)",,False,,
25-1119-0015,12-1-2025,2025-12-01,https://upd.tamu.edu/reporting/crime-log-and-alerts/2025/12/12-1-2025.html,list,unknown,2025-11-19T09:00:00,2025-11-19T20:00:00,11.0,True,"Clements Residence Hall - Bike Racks (211 Jones St, College Station)",,False,,
25-1121-0011,12-1-2025,2025-12-01,https://upd.tamu.edu/reporting/crime-log-and-alerts/2025/12/12-1-2025.html,list,unknown,2025-11-20T14:00:00,2025-11-20T16:00:00,2.0,True,"The Gardens F - Bike Racks (302 Ball St, College Station)",,False,,
25-1123-0012,12-1-2025,2025-12-01,https://upd.tamu.edu/reporting/crime-log-and-alerts/2025/12/12-1-2025.html,list,unknown,2025-11-22T17:30:00,2025-11-23T18:45:00,25.25,True,"Park West Tower 3 - East Side Bike Racks (503 George Bush Drive West, College Station, TX 77840)",,False,,
25-1124-0011,12-1-2025,2025-12-01,https://upd.tamu.edu/reporting/crime-log-and-alerts/2025/12/12-1-2025.html,list,unknown,2025-11-24T16:00:00,2025-11-24T23:00:00,7.0,True,"Dwight Look Engineering Building - Bike Racks (199 Spence St, College Station)",,False,,
25-1125-0005,12-1-2025,2025-12-01,https://upd.tamu.edu/reporting/crime-log-and-alerts/2025/12/12-1-2025.html,list,unknown,2025-11-20T15:00:00,2025-11-25T08:00:00,113.0,True,"Mitchell Physics Building - Southwest Side Bike Racks (578 University Dr, College Station)",,False,,
25-1125-0006,12-1-2025,2025-12-01,https://upd.tamu.edu/reporting/crime-log-and-alerts/2025/12/12-1-2025.html,list,unknown,2025-11-25T09:52:00,2025-11-25T09:52:00,0.0,True,"Eppright Residence Hall - Northwest Bike Racks (695 Spence St, College Station)",,False,,
25-1125-0013,12-1-2025,2025-12-01,https://upd.tamu.edu/reporting/crime-log-and-alerts/2025/12/12-1-2025.html,list,unknown,2025-11-24T22:30:00,2025-11-25T13:30:00,15.0,True,"Mosher Residence Hall - South Side Bike Racks (725 Mosher Ln, College Station)",,False,,
25-1126-0002,12-1-2025,2025-12-01,https://upd.tamu.edu/reporting/crime-log-and-alerts/2025/12/12-1-2025.html,list,unknown,2025-11-26T10:00:00,2025-11-26T10:00:00,0.0,True,"Aston Residence Hall - Southeast Bike Racks (655 Mosher Ln, College Station)",,False,,
25-1201-0001,12-1-2025,2025-12-01,https://upd.tamu.edu/reporting/crime-log-and-alerts/2025/12/12-1-2025.html,list,unknown,2025-11-25T10:00:00,2025-11-25T14:00:00,4.0,True,"Coke Building Bike Racks (415 Houston St, College Station)",,False,,
25-1201-0002,12-15-2025,2025-12-15,https://upd.tamu.edu/reporting/crime-log-and-alerts/2025/12/12-15-2025.html,list,unknown,,,,,"Gene Stallings Blvd Garage - Bike Racks (500 Gene Stallings Bl, College Station)",,True,,
25-1201-0004,12-15-2025,2025-12-15,https://upd.tamu.edu/reporting/crime-log-and-alerts/2025/12/12-15-2025.html,list,unknown,,,,,"The Gardens F - Southwest Corner of the Building (302 Ball St, College Station)",,True,,
25-1201-0008,12-15-2025,2025-12-15,https://upd.tamu.edu/reporting/crime-log-and-alerts/2025/12/12-15-2025.html,list,unknown,,,,,"Schuhmacher Residence Hall - Bike Racks (308 University Dr, College Station)",,True,,
25-1201-0010,12-15-2025,2025-12-15,https://upd.tamu.edu/reporting/crime-log-and-alerts/2025/12/12-15-2025.html,list,unknown,,,,,"Gene Stallings Blvd Garage - Northeast Bike Racks (500 Gene Stallings Bl, College Station)",,True,,
25-1201-0011,12-15-2025,2025-12-15,https://upd.tamu.edu/reporting/crime-log-and-alerts/2025/12/12-15-2025.html,list,unknown,,,,,"Blocker Building - Southwest Bike Racks (155 Ireland St, College Station)",,True,,
25-1202-0004,12-15-2025,2025-12-15,https://upd.tamu.edu/reporting/crime-log-and-alerts/2025/12/12-15-2025.html,list,unknown,,,,,"Lechner Residence Hall - Southwest Bike Racks (232 Houston St, College Station)",,True,,
25-1202-0006,12-15-2025,2025-12-15,https://upd.tamu.edu/reporting/crime-log-and-alerts/2025/12/12-15-2025.html,list,unknown,,,,,"Walton Residence Hall - North Side Bike Racks (166 Houston St, College Station)",,True,,
25-1202-0007,12-15-2025,2025-12-15,https://upd.tamu.edu/reporting/crime-log-and-alerts/2025/12/12-15-2025.html,list,unknown,,,,,"Walton Residence Hall - North Side Bike Racks (166 Houston St, College Station)",,True,,
25-1202-0008,12-15-2025,2025-12-15,https://upd.tamu.edu/reporting/crime-log-and-alerts/2025/12/12-15-2025.html,list,unknown,,,,,"Koldus Building - West Side Bike Racks (400 Joe Routt Bl, College Station)",,True,,
25-1202-0010,12-15-2025,2025-12-15,https://upd.tamu.edu/reporting/crime-log-and-alerts/2025/12/12-15-2025.html,list,unknown,,,,,"Bike Racks Between Hobby Residence Hall and Neeley Residence Hall (160 Asbury St, College Station)",,True,,
25-1202-0013,12-15-2025,2025-12-15,https://upd.tamu.edu/reporting/crime-log-and-alerts/2025/12/12-15-2025.html,list,unknown,,,,,"Zachry Engineering Education Complex - Southwest Bike Racks (125 Spence St, College Station)",,True,,
25-1202-0014,12-15-2025,2025-12-15,https://upd.tamu.edu/reporting/crime-log-and-alerts/2025/12/12-15-2025.html,list,unknown,,,,,"Innovative Learning Classroom Building - East Side Bike Racks (215 Lamar St, College Station)",,True,,
25-1203-0006,12-15-2025,2025-12-15,https://upd.tamu.edu/reporting/crime-log-and-alerts/2025/12/12-15-2025.html,list,unknown,,,,,"Joe C. Richardson Petroleum Engineering Building - North Side Bike Racks (245 Spence St, College Station)",,True,,
25-1203-0009,12-15-2025,2025-12-15,https://upd.tamu.edu/reporting/crime-log-and-alerts/2025/12/12-15-2025.html,list,unknown,,,,,"The Gardens F - Bike Racks (302 Ball Street, College Station, TX 77843)",,True,,
25-1204-0004,12-15-2025,2025-12-15,https://upd.tamu.edu/reporting/crime-log-and-alerts/2025/12/12-15-2025.html,list,unknown,,,,,"White Creek Apartments C - Southwest Exterior Near Stairwell (225 Discovery Dr, College Station)",,True,,
25-1204-0006,12-15-2025,2025-12-15,https://upd.tamu.edu/reporting/crime-log-and-alerts/2025/12/12-15-2025.html,list,unknown,,,,,"AI Engineering Building - West Side Bike Racks (423 Spence St, College Station)",,True,,
25-1204-0007,12-15-2025,2025-12-15,https://upd.tamu.edu/reporting/crime-log-and-alerts/2025/12/12-15-2025.html,list,unknown,2025-12-04T18:21:00,2025-12-04T19:00:00,0.65,True,"Langford Architecture Center Building A - North Side Bike Racks (798 Ross St, College Station)",,False,,
25-1208-0006,12-15-2025,2025-12-15,https://upd.tamu.edu/reporting/crime-log-and-alerts/2025/12/12-15-2025.html,list,unknown,2025-12-07T22:00:00,2025-12-08T11:20:00,13.33,True,"Hullabaloo Residence Hall - Southeast Bike Racks (306 University Dr, College Station)",,False,,
25-1208-0008,12-15-2025,2025-12-15,https://upd.tamu.edu/reporting/crime-log-and-alerts/2025/12/12-15-2025.html,list,unknown,2025-12-07T18:00:00,2025-12-08T11:40:00,17.67,True,"Lechner Residence Hall - Bike Racks (232 Houston St, College Station)",,False,,
25-1208-0011,12-15-2025,2025-12-15,https://upd.tamu.edu/reporting/crime-log-and-alerts/2025/12/12-15-2025.html,list,unknown,2025-12-01T12:00:00,2025-12-08T15:00:00,171.0,False,"White Hall-Dorm 10 - Bike Racks (736 Military Mall, College Station)",,False,,
25-1209-0002,12-15-2025,2025-12-15,https://upd.tamu.edu/reporting/crime-log-and-alerts/2025/12/12-15-2025.html,list,unknown,2025-12-06T21:00:00,2025-12-08T23:45:00,50.75,True,"Zachry Engineering Education Complex - Bike Racks (125 Spence St, College Station)",,False,,
25-1212-0004,12-15-2025,2025-12-15,https://upd.tamu.edu/reporting/crime-log-and-alerts/2025/12/12-15-2025.html,list,unknown,2025-12-11T16:00:00,2025-12-12T04:00:00,12.0,True,"Zachry Engineering Education Complex - North Side Bike Racks (125 Spence St, College Station)",,False,,
25-1212-0005,12-15-2025,2025-12-15,https://upd.tamu.edu/reporting/crime-log-and-alerts/2025/12/12-15-2025.html,list,unknown,2025-12-09T14:00:00,2025-12-11T09:30:00,43.5,True,"Krueger Residence Hall - West Side Bike Racks (722 Lubbock St, College Station)",,False,,
25-1212-0007,12-15-2025,2025-12-15,https://upd.tamu.edu/reporting/crime-log-and-alerts/2025/12/12-15-2025.html,list,unknown,2025-12-10T17:30:00,2025-12-12T10:00:00,40.5,True,"Peterson Building - North Side Bike Racks (435 Nagle St, College Station)",,False,,
26-0101-0006,1-1-2026,2026-01-02,https://upd.tamu.edu/reporting/crime-log-and-alerts/2026/01/1-1-2026.html,narrative,unknown,2025-12-23T11:30:00,,,,Astin Aviation,,True,"On Jan. 1, 2026, the Texas A&M University Police Department (UPD) received a report of a stolen vehicle. The victim parked their vehicle at Astin Aviation on Dec. 23, 2025, at approximately 11:30 a.m. The victim noticed their vehicle was missing today, Jan. 1, 2026, at approximately 2:30 p.m. The victim’s vehicle is described as a White 2021 Chevrolet Suburban Z71. ",
25-1213-0001,1-6-2026,2026-01-06,https://upd.tamu.edu/reporting/crime-log-and-alerts/2026/01/1-6-2026.html,list,unknown,2025-12-12T22:00:00,2025-12-12T23:30:00,1.5,True,"Zachry Engineering Education Complex - Northeast Bike Racks (125 Spence St, College Station)",,False,,
25-1215-0002,1-6-2026,2026-01-06,https://upd.tamu.edu/reporting/crime-log-and-alerts/2026/01/1-6-2026.html,list,unknown,2025-12-14T23:00:00,2025-12-15T05:18:00,6.3,True,"Student Computing Center - Bike Racks Near The Main Entrance (400 Spence St, College Station)",,False,,
25-1215-0003,1-6-2026,2026-01-06,https://upd.tamu.edu/reporting/crime-log-and-alerts/2026/01/1-6-2026.html,list,unknown,2025-12-12T15:00:00,2025-12-13T22:41:00,31.68,True,"Joe C. Richardson Petroleum Engineering Building - South Side Bike Racks (245 Spence St, College Station)",,False,,
25-1215-0005,1-6-2026,2026-01-06,https://upd.tamu.edu/reporting/crime-log-and-alerts/2026/01/1-6-2026.html,list,unknown,2025-12-14T10:30:00,2025-12-15T12:00:00,25.5,True,"Southside Recreation Center - Bike Racks (633 Bizzell St, College Station)",,False,,
25-1215-0007,1-6-2026,2026-01-06,https://upd.tamu.edu/reporting/crime-log-and-alerts/2026/01/1-6-2026.html,list,unknown,2025-12-15T16:20:00,2025-12-15T16:23:00,0.05,True,"Memorial Student Center - Northeast Bike Racks (275 Joe Routt Bl, College Station)",,False,,
25-1215-0009,1-6-2026,2026-01-06,https://upd.tamu.edu/reporting/crime-log-and-alerts/2026/01/1-6-2026.html,list,unknown,2025-12-15T19:08:00,2025-12-15T19:08:00,0.0,True,"Park West Tower 3 - North Side Bike Racks (503 George Bush Drive, College Station, TX 77840)",,False,,
25-1217-0008,1-6-2026,2026-01-06,https://upd.tamu.edu/reporting/crime-log-and-alerts/2026/01/1-6-2026.html,list,unknown,2025-12-17T12:05:00,2025-12-17T16:45:00,4.67,True,"Pavilion (424 Spence St, College Station)",,False,,
26-0103-0010,1-6-2026,2026-01-06,https://upd.tamu.edu/reporting/crime-log-and-alerts/2026/01/1-6-2026.html,list,unknown,2025-12-22T08:00:00,2026-01-03T11:00:00,291.0,False,"Underwood Residence Hall - Bike Racks (644 Mosher Ln, College Station)",,False,,
26-0103-0012,1-6-2026,2026-01-06,https://upd.tamu.edu/reporting/crime-log-and-alerts/2026/01/1-6-2026.html,list,unknown,2025-12-12T17:51:00,2026-01-03T15:30:00,525.65,False,"Clements Residence Hall - West Side Bike Racks (211 Jones St, College Station)",,False,,
26-0107-0003,1-16-2026,2026-01-16,https://upd.tamu.edu/reporting/crime-log-and-alerts/2026/01/1-16-2026.html,list,unknown,2026-01-06T21:55:00,2026-01-07T14:30:00,16.58,True,"The Gardens H - Under Stairs Next To a Bike Rack On The Northeast Side (302 Ball St, College Station)",,False,,
26-0111-0009,1-16-2026,2026-01-16,https://upd.tamu.edu/reporting/crime-log-and-alerts/2026/01/1-16-2026.html,list,unknown,2025-12-16T15:00:00,2026-01-11T21:40:00,630.67,False,"Underwood Residence Hall - East Side Bike Racks (644 Mosher Ln, College Station, TX 77843)",,False,,
26-0112-0005,1-16-2026,2026-01-16,https://upd.tamu.edu/reporting/crime-log-and-alerts/2026/01/1-16-2026.html,list,unknown,2025-12-15T12:30:00,2026-01-12T09:00:00,668.5,False,"Zachry Engineering Education Complex - Southeast Bike Racks (125 Spence St, College Station)",,False,,
26-0112-0006,1-16-2026,2026-01-16,https://upd.tamu.edu/reporting/crime-log-and-alerts/2026/01/1-16-2026.html,list,unknown,2025-12-18T16:26:00,2026-01-12T10:00:00,593.57,False,"U Centre Apartments (Unspecified Bike Rack) (907 Cross St, Ste 01, College Station)",,False,,
26-0114-0008,1-16-2026,2026-01-16,https://upd.tamu.edu/reporting/crime-log-and-alerts/2026/01/1-16-2026.html,list,unknown,2026-01-13T18:00:00,2026-01-14T09:00:00,15.0,True,"Bike Rack Between Clements Residence Hall and Fowler Residence Hall (211 Jones St, College Station)",,False,,
26-0115-0011,1-16-2026,2026-01-16,https://upd.tamu.edu/reporting/crime-log-and-alerts/2026/01/1-16-2026.html,list,unknown,2026-01-13T12:30:00,2026-01-13T16:37:00,4.12,True,"Zachry Engineering Education Complex - South Side Bike Racks (125 Spence St, College Station)",,False,,
26-0116-0010,2-3-2026,2026-02-03,https://upd.tamu.edu/reporting/crime-log-and-alerts/2026/02/2-3-2026.html,list,unknown,2026-01-15T16:00:00,2026-01-16T02:45:00,10.75,True,"U Centre #10 - Bike Racks (907 Cross St, Ste 10, College Station)",,False,,
26-0123-0004,2-3-2026,2026-02-03,https://upd.tamu.edu/reporting/crime-log-and-alerts/2026/02/2-3-2026.html,list,unknown,2025-12-18T12:00:00,2026-01-23T12:30:00,864.5,False,"Bike Racks North of Bizzell Street and Lubbock Street Intersection (College Station, TX 77843)",,False,,
26-0126-0002,2-3-2026,2026-02-03,https://upd.tamu.edu/reporting/crime-log-and-alerts/2026/02/2-3-2026.html,list,unknown,2026-01-25T14:30:00,2026-01-26T01:10:00,10.67,True,"Haas Residence Hall - West Side Bike Racks (212 Houston St, College Station)",,False,,
26-0126-0004,2-3-2026,2026-02-03,https://upd.tamu.edu/reporting/crime-log-and-alerts/2026/02/2-3-2026.html,list,unknown,2026-01-23T19:38:00,2026-01-26T14:10:00,66.53,True,"U Centre #07 - Exterior (907 Cross St, Ste 07, College Station)",,False,,
26-0130-0011,2-3-2026,2026-02-03,https://upd.tamu.edu/reporting/crime-log-and-alerts/2026/02/2-3-2026.html,list,unknown,2026-01-29T18:00:00,2026-01-29T20:00:00,2.0,True,"Memorial Student Center - Northeast Bike Racks (275 Joe Routt Bl, College Station)",,False,,
26-0201-0002,2-3-2026,2026-02-03,https://upd.tamu.edu/reporting/crime-log-and-alerts/2026/02/2-3-2026.html,list,unknown,2026-01-31T13:30:00,2026-02-01T00:30:00,11.0,True,"Emerging Technologies Building - West Side Bike Racks (101 Bizzell St, College Station)",,False,,
26-0201-0007,2-3-2026,2026-02-03,https://upd.tamu.edu/reporting/crime-log-and-alerts/2026/02/2-3-2026.html,list,unknown,2026-01-31T10:00:00,2026-02-01T13:45:00,27.75,True,"Neeley Residence Hall - South Side Bike Racks (140 Asbury St, College Station)",,False,,
26-0202-0002,2-3-2026,2026-02-03,https://upd.tamu.edu/reporting/crime-log-and-alerts/2026/02/2-3-2026.html,list,unknown,2026-01-30T18:00:00,2026-02-02T07:30:00,61.5,True,"Mosher Residence Hall - East Side Bike Racks (725 Mosher Ln, College Station)",,False,,
26-0204-0008,2-16-2026,2026-02-16,https://upd.tamu.edu/reporting/crime-log-and-alerts/2026/02/2-16-2026.html,list,unknown,2026-02-02T16:00:00,2026-02-03T20:00:00,28.0,True,"Park West Hillside 2 - West Side Bike Racks (503 George Bush Drive West, College Station, TX 77840)",,False,,
26-0205-0003,2-16-2026,2026-02-16,https://upd.tamu.edu/reporting/crime-log-and-alerts/2026/02/2-16-2026.html,list,unknown,2026-02-05T11:28:00,2026-02-05T12:10:00,0.7,True,"Student Computing Center - East Side Bike Racks (400 Spence St, College Station)",,False,,
26-0206-0011,2-16-2026,2026-02-16,https://upd.tamu.edu/reporting/crime-log-and-alerts/2026/02/2-16-2026.html,list,unknown,2026-02-05T10:00:00,2026-02-06T17:30:00,31.5,True,"Hullabaloo Residence Hall - Bike Rack(306 University Dr, College Station)",,False,,
26-0207-0001,2-16-2026,2026-02-16,https://upd.tamu.edu/reporting/crime-log-and-alerts/2026/02/2-16-2026.html,list,unknown,2026-02-06T11:50:00,2026-02-06T12:15:00,0.42,True,"Adam C. Sinn '00 Academic & Wellness Center - West Side Exterior (200 John David Crow Drive, College Station, TX 77843)",,False,,
26-0209-0003,2-16-2026,2026-02-16,https://upd.tamu.edu/reporting/crime-log-and-alerts/2026/02/2-16-2026.html,list,unknown,2026-02-06T18:30:00,2026-02-07T16:00:00,21.5,True,"Wayne Roberts '85 Building - East Side Bike Racks (256 Olsen Boulevard, College Station, TX 77843)",,False,,
26-0209-0004,2-16-2026,2026-02-16,https://upd.tamu.edu/reporting/crime-log-and-alerts/2026/02/2-16-2026.html,list,unknown,2026-02-05T12:00:00,2026-02-09T11:30:00,95.5,True,"Dunn Residence Hall - Bike Racks (636 Lubbock St, College Station)",,False,,
26-0209-0007,2-16-2026,2026-02-16,https://upd.tamu.edu/reporting/crime-log-and-alerts/2026/02/2-16-2026.html,list,unknown,2026-02-09T00:40:00,2026-02-09T12:30:00,11.83,True,"Hobby Residence Hall - North Side Bike Racks (160 Asbury St, College Station)",,False,,
26-0209-0009,2-16-2026,2026-02-16,https://upd.tamu.edu/reporting/crime-log-and-alerts/2026/02/2-16-2026.html,list,unknown,2026-02-09T13:00:00,2026-02-09T17:00:00,4.0,True,"Zachry Engineering Education Complex - Bike Racks (125 Spence St, College Station)",,False,,
26-0209-0010,2-16-2026,2026-02-16,https://upd.tamu.edu/reporting/crime-log-and-alerts/2026/02/2-16-2026.html,list,unknown,2026-02-06T17:00:00,2026-02-09T08:00:00,63.0,True,"Hobby Residence Hall - North Side Bike Racks (160 Asbury St, College Station)",,False,,
26-0213-0002,2-16-2026,2026-02-16,https://upd.tamu.edu/reporting/crime-log-and-alerts/2026/02/2-16-2026.html,list,unknown,2026-02-13T00:00:00,2026-02-13T02:00:00,2.0,True,"Dunn Residence Hall - South Side Bike Racks(636 Lubbock St, College Station)",,False,,
26-0219-0013,2-22-2026,2026-02-22,https://upd.tamu.edu/reporting/crime-log-and-alerts/2026/02/2-22-2026.html,narrative,unknown,,2026-02-19T19:10:00,,,,,True,"On Feb. 19, 2026, the Texas A&M University Police Department (UPD) received a report of a stolen golf cart. The victim last observed their golf cart at the Texas A&M University Golf Course Clubhouse at 6 p.m. on Feb. 19, 2026. The victim discovered the golf cart missing at 7:10 p.m. on Feb. 19, 2026. The key was in the ignition when it was taken. The victim’s golf cart is described as white and a Club Car. This golf cart has been recovered by the Texas A&M University Police Department and returned to the owner. UPD Case Number 26-0219-0014 & 26-0219-0016. On Feb. 19, 2026, the Texas A&M University Police Department received reports of theft at the Student Recreation Center on South Campus. The victims reported that cash and a backpack containing a wallet, laptop, and Aggie Ring had been stolen from their belongings between 6 p.m. and 7:15 p.m. UPD Case Number 26-0219-0015 On Feb. 19, 2026, the Texas A&M University Police Department received a report of theft that occurred at the Student Recreation Center on West Campus. The victim reported that a wallet and cash were stolen from their belongings at approximately 7:40 p.m. Through our investigations, we have determined that these ca",
26-0217-0003,3-4-2026,2026-03-04,https://upd.tamu.edu/reporting/crime-log-and-alerts/2026/03/3-4-2026.html,list,unknown,2026-02-16T18:30:00,2026-02-17T09:50:00,15.33,True,"Park West Hillside 2 - Bike Racks (503 George Bush Drive West, College Station, TX 77840)",,False,,
26-0219-0007,3-4-2026,2026-03-04,https://upd.tamu.edu/reporting/crime-log-and-alerts/2026/03/3-4-2026.html,list,unknown,2026-02-17T21:00:00,2026-02-18T10:00:00,13.0,True,"Appelt Residence Hall - Bike Racks (660 Mosher Ln, College Station)",,False,,
26-0223-0007,3-4-2026,2026-03-04,https://upd.tamu.edu/reporting/crime-log-and-alerts/2026/03/3-4-2026.html,list,unknown,2026-02-23T14:15:00,2026-02-23T21:30:00,7.25,True,"Sterling C. Evans Library - East Side Bike Racks (400 Spence St, College Station)",,False,,
26-0227-0019,3-4-2026,2026-03-04,https://upd.tamu.edu/reporting/crime-log-and-alerts/2026/03/3-4-2026.html,list,unknown,2026-02-27T16:00:00,2026-02-27T23:00:00,7.0,True,"Zachry Engineering Education Complex - Southwest Corner Exterior (125 Spence St, College Station)",,False,,
26-0303-0008,3-17-2026,2026-03-17,https://upd.tamu.edu/reporting/crime-log-and-alerts/2026/03/3-17-2026.html,list,unknown,2026-03-03T14:00:00,2026-03-03T15:00:00,1.0,True,"Southside Recreation Center - Bike Racks (633 Bizzell St, College Station)",,False,,
26-0305-0006,3-17-2026,2026-03-17,https://upd.tamu.edu/reporting/crime-log-and-alerts/2026/03/3-17-2026.html,list,unknown,2026-03-03T14:10:00,2026-03-03T15:35:00,1.42,True,"Zachry Engineering Education Complex - Southwest Exterior (125 Spence St, College Station)",,False,,
26-0316-0007,4-1-2026,2026-04-01,https://upd.tamu.edu/reporting/crime-log-and-alerts/2026/04/4-1-2026.html,list,unknown,2025-11-03T16:00:00,,,,"Briggs Hall-Dorm 3 Interior Hallway (635 Military Mall, College Station)",,True,,
26-0320-0011,4-1-2026,2026-04-01,https://upd.tamu.edu/reporting/crime-log-and-alerts/2026/04/4-1-2026.html,list,unknown,2026-03-09T17:00:00,,,,"Park West A (503 George Bush Dr W, Ste A, College Station)",,True,,
26-0401-0001,4-1-2026,2026-04-01,https://upd.tamu.edu/reporting/crime-log-and-alerts/2026/04/4-1-2026.html,list,unknown,2026-03-31T20:42:00,,,,"Student Computing Center (400 Spence St, College Station)",,True,,
26-0408-0009,4-8-2026,2026-04-08,https://upd.tamu.edu/reporting/crime-log-and-alerts/2026/04/4-8-2026.html,narrative,unknown,2026-04-08T09:12:00,,,,Cavalry Court,,True,"On April 8, 2026, the Texas A&M University Police Department (UPD) received a report of a stolen vehicle. The victim parked their vehicle at Cavalry Court on April 8, 2026, at approximately 9:12 a.m. The victim noticed their vehicle was missing today, April 8, 2026, at approximately 1:20 p.m. The victim found their car at the Garden Apartment Community Center at approximately 4:30 p.m. The victim’s vehicle is described as a black 2016 Toyota Corolla. The vehicle was secured by the victim when she parked her vehicle. There was damage to the passenger side door handle. ",
26-0406-0002,4-15-2026,2026-04-15,https://upd.tamu.edu/reporting/crime-log-and-alerts/2026/04/4-15-2026.html,list,unknown,2026-03-26T09:30:00,2026-03-26T11:00:00,1.5,True,"Allen Building (1004 George Bush Dr W, College Station)",,False,,
26-0412-0007,4-15-2026,2026-04-15,https://upd.tamu.edu/reporting/crime-log-and-alerts/2026/04/4-15-2026.html,list,unknown,2026-04-12T13:00:00,2026-04-12T19:20:00,6.33,True,"Exterior Bike Racks of Zachry Engineering Education Complex (125 Spence St, College Station)",,False,,
26-0413-0002,4-15-2026,2026-04-15,https://upd.tamu.edu/reporting/crime-log-and-alerts/2026/04/4-15-2026.html,list,unknown,2026-04-13T12:15:00,2026-04-13T12:15:00,0.0,True,"Park West Tower 3 (503 George Bush Dr W, Ste C, College Station)",,False,,
26-0422-0002,4-22-2026,2026-04-22,https://upd.tamu.edu/reporting/crime-log-and-alerts/2026/04/4-22-2026.html,narrative,unknown,,,,,,,True,"On April 22, 2026, the Texas A&M University Police Department (UPD) received a report that a vehicle had been taken from outside the Texas A&M University National Aerothermochemistry Laboratory. The victim advised that the vehicle was parked at 9:45 p.m. on Tuesday, April 21, and was found moved and covered in mud at 7:45 a.m. this morning. There was no noticeable damage other than known wear. The victim’s vehicle is described as a green-and-yellow John Deere “Gator” with Texas A&M University vehicle numbers. ",
26-0414-0002,05-01-2026,2026-05-01,https://upd.tamu.edu/reporting/crime-log-and-alerts/2026/05/05-01-2026.html,list,unknown,2026-04-14T08:00:00,2026-04-14T10:26:00,2.43,True,Polo Garage,,False,,
26-0415-0004*,05-01-2026,2026-05-01,https://upd.tamu.edu/reporting/crime-log-and-alerts/2026/05/05-01-2026.html,list,unknown,2026-04-15T13:04:00,2026-04-15T13:04:00,0.0,True,"Rudder Tower (401 Joe Routt Bl, College Station)",,False,,
26-0415-0009,05-01-2026,2026-05-01,https://upd.tamu.edu/reporting/crime-log-and-alerts/2026/05/05-01-2026.html,list,unknown,2026-04-15T12:30:00,2026-04-15T15:15:00,2.75,True,"Zachry Engineering Education Complex (125 Spence St, College Station)",,False,,
26-0416-0006,05-01-2026,2026-05-01,https://upd.tamu.edu/reporting/crime-log-and-alerts/2026/05/05-01-2026.html,list,unknown,2026-04-15T13:45:00,2026-04-15T19:00:00,5.25,True,"Veterinary Small Animal Hospital (408 Raymond Stotzer Pw, College Station)",,False,,
26-0429-0002,05-01-2026,2026-05-01,https://upd.tamu.edu/reporting/crime-log-and-alerts/2026/05/05-01-2026.html,list,unknown,2026-04-28T23:30:00,2026-04-29T04:55:00,5.42,True,"Commons (676 Lubbock St, College Station)",,False,,
26-0510-0007,05-18-2026,2026-05-18,https://upd.tamu.edu/reporting/crime-log-and-alerts/2026/05/05-18-2026.html,list,unknown,2026-05-01T16:30:00,2026-05-06T18:29:00,121.98,True,"Fountain Hall-Dorm 4 (636 Military Mall, College Station)",,False,,
26-0509-0010,05-18-2026,2026-05-18,https://upd.tamu.edu/reporting/crime-log-and-alerts/2026/05/05-18-2026.html,list,unknown,2026-05-07T15:10:00,2026-05-07T16:50:00,1.67,True,"U-Centre Apartments (907 Cross ST, College Station TX)",,False,,
26-0528-0003,06-02-2026,2026-06-02,https://upd.tamu.edu/reporting/crime-log-and-alerts/2026/06/06-02-2026.html,list,unknown,2026-05-28T13:45:00,2026-05-28T13:45:00,0.0,True,"Bike racks outside of Zachry Engineering Education Complex (125 Spence St, College Station)",,False,,
26-0522-0001,06-02-2026,2026-06-02,https://upd.tamu.edu/reporting/crime-log-and-alerts/2026/06/06-02-2026.html,list,unknown,2026-05-22T02:30:00,2026-05-22T02:30:00,0.0,True,McDonalds (801 UNIVERSITY DR COLLEGE STATION TX),,False,,
26-0519-0002,06-02-2026,2026-06-02,https://upd.tamu.edu/reporting/crime-log-and-alerts/2026/06/06-02-2026.html,list,unknown,2026-05-19T08:15:00,2026-05-19T08:15:00,0.0,True,"Alley between Peterson Building and Evan Library Annex (435 Nagle St, College Station)",,False,,
26-0527-0003,06-18-2026,2026-06-18,https://upd.tamu.edu/reporting/crime-log-and-alerts/2026/06/06-18-2026.html,list,unknown,2026-05-27T11:05:00,2026-05-27T11:05:00,0.0,True,"Bike racks east of Wisenbaker Engineering Building (188 Bizzell St, College Station)",,False,,
26-0602-0001,06-18-2026,2026-06-18,https://upd.tamu.edu/reporting/crime-log-and-alerts/2026/06/06-18-2026.html,list,unknown,2026-06-01T20:30:00,2026-06-02T00:00:00,3.5,True,"Exterior Bike Rack of Emerging Technologies Building (101 Bizzell St, College Station)",,False,,
26-0611-0009,06-18-2026,2026-06-18,https://upd.tamu.edu/reporting/crime-log-and-alerts/2026/06/06-18-2026.html,list,unknown,2026-06-11T18:57:00,2026-06-11T18:57:00,0.0,True,"Zachry Engineering Education Complex (125 Spence St, College Station)",,False,,
26-0611-0009*,06-18-2026,2026-06-18,https://upd.tamu.edu/reporting/crime-log-and-alerts/2026/06/06-18-2026.html,list,unknown,2026-06-11T18:57:00,2026-06-11T18:57:00,0.0,True,"Sbisa Dining Hall (233 Houston St, College Station)",,False,,
26-0611-0010,06-18-2026,2026-06-18,https://upd.tamu.edu/reporting/crime-log-and-alerts/2026/06/06-18-2026.html,list,unknown,2026-06-11T14:00:00,2026-06-11T18:20:00,4.33,True,"Bright Building (710 Ross St, College Station)",,False,,
26-0614-0006,06-18-2026,2026-06-18,https://upd.tamu.edu/reporting/crime-log-and-alerts/2026/06/06-18-2026.html,list,unknown,2026-06-14T16:27:00,2026-06-14T16:27:00,0.0,True,"Zachry Engineering Education Complex (125 Spence St, College Station)",,False,,
26-0614-0007,06-18-2026,2026-06-18,https://upd.tamu.edu/reporting/crime-log-and-alerts/2026/06/06-18-2026.html,list,unknown,2026-06-14T12:00:00,2026-06-14T17:30:00,5.5,True,"Memorial Student Center (275 Joe Routt Bl, College Station)",,False,,
26-0614-0009,06-18-2026,2026-06-18,https://upd.tamu.edu/reporting/crime-log-and-alerts/2026/06/06-18-2026.html,list,unknown,2026-06-14T09:04:00,2026-06-14T17:45:00,8.68,True,"Blaze Pizza (143 Century Square, College Station TX)",,False,,
26-0616-0003,06-18-2026,2026-06-18,https://upd.tamu.edu/reporting/crime-log-and-alerts/2026/06/06-18-2026.html,list,unknown,2026-06-16T05:47:00,2026-06-16T06:37:00,0.83,True,"Zachry Engineering Education Complex (125 Spence St, College Station)",,False,,
26-0625-0011,07-01-2026,2026-07-01,https://upd.tamu.edu/reporting/crime-log-and-alerts/2026/07/07-01-2026.html,list,unknown,,,,,"Mitchell Physics Building (578 University Dr, College Station)",,True,,
26-0622-0001,07-01-2026,2026-07-01,https://upd.tamu.edu/reporting/crime-log-and-alerts/2026/07/07-01-2026.html,list,unknown,,,,,"Garden Apartments, Building G, (250 Calvin Moore Dr, College Station TX)",,True,,
26-0619-0008,07-01-2026,2026-07-01,https://upd.tamu.edu/reporting/crime-log-and-alerts/2026/07/07-01-2026.html,list,unknown,,,,,"Zachry Engineering Education Complex (125 Spence St, College Station)",,True,,
26-0630-0006,clery-26-0630-0006,6/30/2026,https://clery.tamu.edu/CrimeLog/College_Station,clery,bike,2026-06-30T09:00:00,2026-06-30T12:30:00,3.5,True,"Koldus Building (400 Joe Routt Bl, College Station)",,False,Theft of Property $100<$750 (Electronic Bike) / Clery Motor Vehicle Theft -- Unfounded,UPD
26-0715-0004,clery-26-0715-0004,7/15/2026,https://clery.tamu.edu/CrimeLog/College_Station,clery,ebike,2026-05-14T10:30:00,2026-07-11T14:45:00,1396.25,False,"Park West Tower 3 (503 George Bush Dr, College Station TX)",,False,Clery- Motor Vehicle Theft/ Theft of Property >=$100<$750 (Electric Bicycle) -- Active,UPD
26-0702-0004,clery-26-0702-0004,7/2/2026,https://clery.tamu.edu/CrimeLog/College_Station,clery,bike,2026-06-09T14:00:00,2026-07-02T14:00:00,552.0,False,"White Creek Apartments B (225 Discovery Dr, College Station)",,False,Theft of Property $100<$750 (Bicycles) -- Active,UPD
26-0720-0001,clery-26-0720-0001,7/20/2026,https://clery.tamu.edu/CrimeLog/College_Station,clery,ebike,2026-07-20T05:46:00,2026-07-20T05:46:00,0.0,True,"Bike racks outside of Zachry Engineering Education Complex (125 Spence St, College Station)",,False,Clery- Motor Vehicle Theft/ Theft of Property >=$100<$750 (Electric Bike) -- Active,UPD
26-0720-0005,clery-26-0720-0005,7/20/2026,https://clery.tamu.edu/CrimeLog/College_Station,clery,ebike,2026-07-20T11:55:00,2026-07-20T11:55:00,0.0,True,"Bike racks outside of Reed Arena (730 Olsen Bl, College Station)",,False,Attempted Clery- Motor Vehicle Theft/ Theft of Property >=$2500 <$30K (Electric Bike) -- Active,UPD
26-0721-0007,clery-26-0721-0007,7/21/2026,https://clery.tamu.edu/CrimeLog/College_Station,clery,ebike,2026-07-21T16:42:00,2026-07-21T16:42:00,0.0,True,"Park West, Hillside 2, (503 George Bush Dr W, Ste B, College Station)",,False,Clery- Motor Vehicle Theft/ Theft of Property >=$100<$750 (Electric Bike) -- Active,UPD
26-0723-0003,clery-26-0723-0003,7/23/2026,https://clery.tamu.edu/CrimeLog/College_Station,clery,ebike,2026-05-08T12:00:00,2026-07-18T13:00:00,1705.0,False,"Bike Rack outside Polo Road Garage (300 Polo Road, College Station)",,False,Clery- Motor Vehicle Theft/ Theft of Property >=$100<$750 (Electric Bicycle -- Active,UPD
26-0729-0006,clery-26-0729-0006,7/29/2026,https://clery.tamu.edu/CrimeLog/College_Station,clery,bike,2026-07-29T15:22:00,2026-07-29T15:22:00,0.0,True,"Park West, outside of Hillside 5 (503 George Bush Dr W, Ste E, College Station)",,False,Theft of Property >=$100<$750 (Bicycle) -- Active,UPD
26-0706-0002,clery-26-0706-0002,7/6/2026,https://clery.tamu.edu/CrimeLog/College_Station,clery,bike,2026-07-02T12:00:00,2026-07-05T21:00:00,81.0,True,"U-Centre (907 Cross St, College station TX)",,False,Theft of Property $100<$750 (Bicycles) -- Active,UPD
26-0801-0003,clery-26-0801-0003,8/1/2026,https://clery.tamu.edu/CrimeLog/College_Station,clery,bike,2026-07-12T16:00:00,2026-07-19T16:00:00,168.0,True,"100 Park (170 Century Square Dr, College Station)",,False,Theft >=$100<$750 (Bicycle) -- Active,UPD
26-0824-0005,clery-26-0824-0005,8/24/2026,https://clery.tamu.edu/CrimeLog/College_Station,clery,bike,2026-07-15T12:00:00,2026-08-17T23:59:00,803.98,False,"Park West A (503 George Bush Dr W, College Station)",,False,Theft >=$100<$750 (Bicycle) -- Active,UPD
26-0808-0006,clery-26-0808-0006,8/8/2026,https://clery.tamu.edu/CrimeLog/College_Station,clery,ebike,2026-08-07T18:00:00,2026-08-08T10:00:00,16.0,True,"White Creek Apartments (225 Discovery Dr, College Station)",,False,"Clery- Motor Vehicle Theft/ Theft of Property>=$750<$2,500 (Electric Bicycle) -- Active",UPD
,4-20-2025,2025-04-20,https://upd.tamu.edu/reporting/crime-log-and-alerts/2025/04/4-20-2025.html,narrative,unknown,2025-04-16T16:30:00,,,,P arking A rea 23,,True,"On April 20 , 2025, at approximately 6:50 a.m. , the Texas A&M University Police Department (UPD) located a stolen moped on the sidewalk near Scoates Hall. The victim parked h is moped , a black 150cc Focus , in P arking A rea 23 on April 16, 2025, at 4 : 30 p. m. The victim did not realize the moped had been stolen until he was contacted by police this morning. ",
