case_no,alert_key,alert_date,alert_url,source_format,vehicle_type,last_seen,discovered_missing,window_hours,within_window,location_raw,zone_id,needs_review,narrative_text,case_source,zone_name,zone_match_method,zone_match_score
25-0401-0005,4-1-2025,2025-04-01,https://upd.tamu.edu/reporting/crime-log-and-alerts/2025/04/4-1-2025.html,narrative,escooter,2025-04-01T00:10:00,,,,,,True,"On April 1, 2025, the Texas A&M University Police Department (UPD) received a report of a stolen electric scooter. The victim advised that they parked and secured their scooter to the bicycle racks on the east side of Clements Hall with a cable lock at approximately 12:10 a.m. on April 1, 2025. The victim returned at approximately 9:30 a.m. to find the scooter and lock missing. The victim’s scooter is described as a black Isinwheel S10 Plus electric scooter with a yellow stripe on the wheels. ",,,,0.0
25-0425-0009,4-25-2025,2025-04-25,https://upd.tamu.edu/reporting/crime-log-and-alerts/2025/04/4-25-2025.html,narrative,unknown,2025-04-24T09:00:00,2025-04-25T15:00:00,30.0,True,Parking Area 7,,True,"On April 25, 2025, the Texas A&M University Police Department (UPD) received a report of a stolen vehicle. The victim parked her vehicle in Parking Area 7 at 9 a.m. on April 24, 2025. The victim discovered the vehicle missing at 3 p.m. on April 25, 2025. The vehicle was locked and the victim had the keys. The victim’s vehicle is described as a black 2012 Jeep Liberty. ",,,,0.0
25-0511-0007,5-11-2025,2025-05-11,https://upd.tamu.edu/reporting/crime-log-and-alerts/2025/05/5-11-2025.html,narrative,ebike,2025-05-11T13:00:00,2025-05-11T15:25:00,2.42,True,,,True,"On May 11, 2025, the Texas A&M University Police Department (UPD) received a report of a stolen electric bike. The victim parked his bike on the south side of the Cain Building at approximately 1 p.m. on May 11, 2025. The bike was secured to the bike racks. The victim returned at approximately 3:25 p.m. on May 11, 2025, to find the bike missing. The bike is described as a black-and-blue Lectric XP 2.0. ",,,,0.0
25-0630-0004,6-30-2025,2025-06-30,https://upd.tamu.edu/reporting/crime-log-and-alerts/2025/06/6-30-2025.html,narrative,escooter,2025-06-28T10:00:00,2025-06-29T12:00:00,26.0,True,Building M of the Garden Apartments,,False,"On June 30, 2025, the Texas A&M University Police Department (UPD) received a report of a stolen electric scooter. The victim reported that they parked and secured their scooter with a cable lock to the bicycle racks outside Building M of the Garden Apartments at approximately 10 a.m. on June 28, 2025. The victim returned at approximately 12 p.m. on June 29, 2025, to find the scooter missing with the cable lock still secured to the bicycle rack. The victim’s scooter is described as a gray GoTrax electric scooter. ",,,,0.0
25-0802-0005,8-2-2025,2025-08-03,https://upd.tamu.edu/reporting/crime-log-and-alerts/2025/08/8-2-2025.html,narrative,escooter,2025-08-02T19:15:00,,,,Piada at Century Square,,True,"On Aug. 2, 2025, the Texas A&M University Police Department (UPD) received a report of a stolen electric scooter. The victim reported that they parked and secured their scooter to the bicycle racks outside Piada at Century Square at approximately 7:15 p.m. on Aug. 2, 2025, using a cable lock. The victim returned at approximately 7:30 p.m. to find the scooter missing. The victim’s scooter is described as a black Hiboy S2 Pro. ",,,,0.0
25-0823-0004,8-27-2025,2025-08-27,https://upd.tamu.edu/reporting/crime-log-and-alerts/2025/08/8-27-2025.html,narrative,ebike,,,,,,,True,"On Aug. 23, 2025, the Texas A&M University Police Department (UPD) stopped a subject on an electric bike who was known to have a Criminal Trespass Warning for TAMU property. The subject was arrested for outstanding local warrants and Criminal Trespass. A search of the subject revealed drug paraphernalia and criminal instruments believed to be used to defeat locks. The electric bike was believed to have been stolen and seized by the police. On Aug. 24, 2025, the owner of the electric bike reported it stolen to Texas A&M Police. On Aug. 27, 2025, Texas A&M Police observed the subject again on campus near Hensel Drive riding an electric bike. He was stopped, and the investigation revealed the bike was stolen. He was arrested for Theft, Unlawful Use of a Criminal Instrument, Possession of Drug Paraphernalia, and Disregard of a Stop Sign. The suspect’s name is Jesse Broadway. Broadway is described as a white male, 33 years old, 5’11” tall, 215 lbs., with brown hair and hazel eyes. Broadway has no affiliation with Texas A&M and has an active Criminal Trespass Warning for TAMU property. His photo can be found on the Texas A&M University Police Department’s Facebook and X page. Contact UPD",,,,0.0
25-0905-0016,09-05-2025,2025-09-05,https://upd.tamu.edu/reporting/crime-log-and-alerts/2025/09/09-05-2025.html,narrative,unknown,,2025-08-29T14:00:00,,,,,True,"On Sept. 5, 2025, the Texas A&M University Police Department (UPD) received a report of a stolen side-by-side. The victim last observed their side-by-side at the Physical Plant Grounds Maintenance Facility at 3 p.m. on Aug. 28, 2025. The victim discovered the side-by-side missing at 2 p.m. on Aug. 29, 2025. The key was not in the ignition when it was taken. The victim’s side-by-side is described as a green 2023 Kawasaki Mule. ",,,,0.0
25-1001-0003,10-1-2025,2025-10-01,https://upd.tamu.edu/reporting/crime-log-and-alerts/2025/10/10-1-2025.html,narrative,escooter,,2025-10-01T08:45:00,,,,,True,"On Oct. 1, 2025, the Texas A&M University Police Department (UPD) received a report of a stolen electric scooter. The victim reported that they secured their scooter with a cable-style lock to a bicycle rack near the north side of Hart Hall at approximately 11 p.m. on Sept. 29, 2025. The victim returned to the bicycle rack on Oct. 1, 2025, at 8:45 a.m. and discovered that the scooter was gone. The victim located the cable-style lock cut and lying on the ground where the scooter had been secured. The victim’s scooter is described as a black, Segway Ninebot E2 electric scooter. ",,,,0.0
25-1011-0034,10-12-2025,2025-10-12,https://upd.tamu.edu/reporting/crime-log-and-alerts/2025/10/10-12-2025.html,narrative,unknown,,,,,,,True,"On Oct. 11, 2025, the Texas A&M University Police Department (UPD) recovered two vehicles prior to them being reported stolen. Patrol officers located a University owned Golf Cart at approximately 11 p.m. on the sidewalk along University Drive near Northside Garage. After identifying the victim, they advised that the vehicle was last parked at the Coke Building at 5 p.m. on Friday, Oct. 10, 2025. There was notable damage to the ignition area allowing it to be started. The victim’s vehicle is described as a silver/ grey EZGO Elite Golf Cart with maroon Texas A&M College of Architecture markings. Patrol officers located a second University owned Golf Cart at approximately 11:45 p.m. outside of the covered small vehicle parking area near the Jack K. Williams Administration Building. After identifying that the victim was the same, they advised that the vehicle was also last parked at the Coke Building at 5 p.m. on Friday Oct. 10, 2025. There was no noticeable damage to the vehicle. The victim’s second vehicle is described as a maroon IR Club Car Golf Cart with white Texas A&M lettering. ",,,,0.0
25-1104-0008,11-4-2025-update,2025-11-05,https://upd.tamu.edu/reporting/crime-log-and-alerts/2025/11/11-4-2025-update.html,narrative,unknown,,,,,,,True,"On Nov. 4, 2025, the University Police Department was contacted by a staff member who had seen the recent crime alert. They provided information that led to UPD successfully locating and recovering the golf cart on PA 20. The golf cart will be returned to the victim. This case remains under investigation. Campus crime alerts and timely warnings to the community comply with the federal Jeanne Clery Campus Safety Act (Clery Act). Case 25-1104-0008 On Nov. 4, 2025, the Texas A&M University Police Department (UPD) received a report of a stolen golf cart. The victim reported that the golf cart was parked and secured in PA 102 on Saturday, Nov. 1, 2025. They reported that it was stolen at approximately 2:20 p.m. The golf cart is described as being maroon with an ATM sticker on the front hood, Texas A&M Athletics on the side, black handrails on the back, and a tan top. ",,,,0.0
25-1116-0010,12-1-2025,2025-12-01,https://upd.tamu.edu/reporting/crime-log-and-alerts/2025/12/12-1-2025.html,list,unknown,2025-11-14T18:30:00,2025-11-16T10:45:00,40.25,True,Between Gainer Hall & Underwood Hall,,False,,,,,0.0
25-1208-0011,12-15-2025,2025-12-15,https://upd.tamu.edu/reporting/crime-log-and-alerts/2025/12/12-15-2025.html,list,unknown,2025-12-01T12:00:00,2025-12-08T15:00:00,171.0,False,"White Hall-Dorm 10 - Bike Racks (736 Military Mall, College Station)",,False,,,,,0.0
26-0101-0006,1-1-2026,2026-01-02,https://upd.tamu.edu/reporting/crime-log-and-alerts/2026/01/1-1-2026.html,narrative,unknown,2025-12-23T11:30:00,,,,Astin Aviation,,True,"On Jan. 1, 2026, the Texas A&M University Police Department (UPD) received a report of a stolen vehicle. The victim parked their vehicle at Astin Aviation on Dec. 23, 2025, at approximately 11:30 a.m. The victim noticed their vehicle was missing today, Jan. 1, 2026, at approximately 2:30 p.m. The victim’s vehicle is described as a White 2021 Chevrolet Suburban Z71. ",,,,0.0
26-0207-0001,2-16-2026,2026-02-16,https://upd.tamu.edu/reporting/crime-log-and-alerts/2026/02/2-16-2026.html,list,unknown,2026-02-06T11:50:00,2026-02-06T12:15:00,0.42,True,"Adam C. Sinn '00 Academic & Wellness Center - West Side Exterior (200 John David Crow Drive, College Station, TX 77843)",,False,,,,,0.0
26-0219-0013,2-22-2026,2026-02-22,https://upd.tamu.edu/reporting/crime-log-and-alerts/2026/02/2-22-2026.html,narrative,unknown,,2026-02-19T19:10:00,,,,,True,"On Feb. 19, 2026, the Texas A&M University Police Department (UPD) received a report of a stolen golf cart. The victim last observed their golf cart at the Texas A&M University Golf Course Clubhouse at 6 p.m. on Feb. 19, 2026. The victim discovered the golf cart missing at 7:10 p.m. on Feb. 19, 2026. The key was in the ignition when it was taken. The victim’s golf cart is described as white and a Club Car. This golf cart has been recovered by the Texas A&M University Police Department and returned to the owner. UPD Case Number 26-0219-0014 & 26-0219-0016. On Feb. 19, 2026, the Texas A&M University Police Department received reports of theft at the Student Recreation Center on South Campus. The victims reported that cash and a backpack containing a wallet, laptop, and Aggie Ring had been stolen from their belongings between 6 p.m. and 7:15 p.m. UPD Case Number 26-0219-0015 On Feb. 19, 2026, the Texas A&M University Police Department received a report of theft that occurred at the Student Recreation Center on West Campus. The victim reported that a wallet and cash were stolen from their belongings at approximately 7:40 p.m. Through our investigations, we have determined that these ca",,,,0.0
26-0316-0007,4-1-2026,2026-04-01,https://upd.tamu.edu/reporting/crime-log-and-alerts/2026/04/4-1-2026.html,list,unknown,2025-11-03T16:00:00,,,,"Briggs Hall-Dorm 3 Interior Hallway (635 Military Mall, College Station)",,True,,,,,0.0
26-0408-0009,4-8-2026,2026-04-08,https://upd.tamu.edu/reporting/crime-log-and-alerts/2026/04/4-8-2026.html,narrative,unknown,2026-04-08T09:12:00,,,,Cavalry Court,,True,"On April 8, 2026, the Texas A&M University Police Department (UPD) received a report of a stolen vehicle. The victim parked their vehicle at Cavalry Court on April 8, 2026, at approximately 9:12 a.m. The victim noticed their vehicle was missing today, April 8, 2026, at approximately 1:20 p.m. The victim found their car at the Garden Apartment Community Center at approximately 4:30 p.m. The victim’s vehicle is described as a black 2016 Toyota Corolla. The vehicle was secured by the victim when she parked her vehicle. There was damage to the passenger side door handle. ",,,,0.0
26-0406-0002,4-15-2026,2026-04-15,https://upd.tamu.edu/reporting/crime-log-and-alerts/2026/04/4-15-2026.html,list,unknown,2026-03-26T09:30:00,2026-03-26T11:00:00,1.5,True,"Allen Building (1004 George Bush Dr W, College Station)",,False,,,,,0.0
26-0422-0002,4-22-2026,2026-04-22,https://upd.tamu.edu/reporting/crime-log-and-alerts/2026/04/4-22-2026.html,narrative,unknown,,,,,,,True,"On April 22, 2026, the Texas A&M University Police Department (UPD) received a report that a vehicle had been taken from outside the Texas A&M University National Aerothermochemistry Laboratory. The victim advised that the vehicle was parked at 9:45 p.m. on Tuesday, April 21, and was found moved and covered in mud at 7:45 a.m. this morning. There was no noticeable damage other than known wear. The victim’s vehicle is described as a green-and-yellow John Deere “Gator” with Texas A&M University vehicle numbers. ",,,,0.0
26-0510-0007,05-18-2026,2026-05-18,https://upd.tamu.edu/reporting/crime-log-and-alerts/2026/05/05-18-2026.html,list,unknown,2026-05-01T16:30:00,2026-05-06T18:29:00,121.98,True,"Fountain Hall-Dorm 4 (636 Military Mall, College Station)",,False,,,,,0.0
26-0622-0001,07-01-2026,2026-07-01,https://upd.tamu.edu/reporting/crime-log-and-alerts/2026/07/07-01-2026.html,list,unknown,,,,,"Garden Apartments, Building G, (250 Calvin Moore Dr, College Station TX)",,True,,,,,0.0
,4-20-2025,2025-04-20,https://upd.tamu.edu/reporting/crime-log-and-alerts/2025/04/4-20-2025.html,narrative,unknown,2025-04-16T16:30:00,,,,P arking A rea 23,,True,"On April 20 , 2025, at approximately 6:50 a.m. , the Texas A&M University Police Department (UPD) located a stolen moped on the sidewalk near Scoates Hall. The victim parked h is moped , a black 150cc Focus , in P arking A rea 23 on April 16, 2025, at 4 : 30 p. m. The victim did not realize the moped had been stolen until he was contacted by police this morning. ",,,,0.0
